"name,id,sis_id,root_account,section,section_id,section_sis_id,submitted,attempt,219215190: ¿De qué grupo fue?,0.0,219215191: ¿Cuál es su Edad?,0.0,219215192: ,0.0,219215193: ,0.0,219215194: No de libros leídos el año pasado,0.0,219215195: Alfaguara,1.0,219215196: Barbarismo,1.0,219215197: Denuesto,1.0,219215198: Entelequia,1.0,""219215199: "

Feraz

,1.0,219215200: 
Irrisorio








,1.0,219215201: 

Sima









,1.0,219215202: 
Canícula








,1.0,219215203: 
Escolio
,1.0,219215204: 
Alcoholismo








",1.0,n correct,n incorrect,score
Danny Andres Lenis Vargas,115230101,,,Econometría Av 25-1,10594650,"",2025-02-20 12:31:34 UTC,1,A,0.0,38,0.0,Masculino,0.0,Maestría,0.0,5,0.0,Manantial Copioso,1.0,Vocablo extranjero introducido en el idioma,1.0,Insulto, ofensa"",0.0,""Discurso, arenga"",0.0,Temido,0.0,Que causa risa,1.0,Punto más alto de los montes,1.0,Época de año más calurosa,1.0,Nota que se pone a un texto para explicarlo,1.0,Dromomanía,0.0,9,6,10.0"
"Godineau Cyprien,115230099,,,Econometría Av 25-1,10594650,"""",2025-02-20 12:24:01 UTC,1,B,0.0,21,0.0,Masculino,0.0,Maestría,0.0,10,0.0,Editorial,0.0,""Fiero, cruel"",0.0,Disloque,0.0,Irreal,0.0,Tierras fértiles,1.0,Que causa risa,1.0,Cavidad grande y profunda en la tierra,0.0,Época de año más calurosa,1.0,Nota que se pone a un texto para explicarlo,1.0,Dipsomanía,0.0,7,8,10.0"
"Munch Winona,115230100,,,Econometría Av 25-1,10594650,"""",2025-02-20 12:22:57 UTC,1,B,0.0,22,0.0,Femenino,0.0,Maestría,0.0,4,0.0,Editorial,0.0,""Fiero, cruel"",0.0,Disloque,0.0,Irreal,0.0,Tierras fértiles,1.0,""El más bajo, el último"",0.0,Cavidad grande y profunda en la tierra,0.0,Época de año más calurosa,1.0,Nota que se pone a un texto para explicarlo,1.0,Dipsomanía,0.0,6,9,10.0"
"Mariana Viñas Amaya,115230105,,,Econometría Av 25-1,10594650,"""",2025-02-20 12:22:51 UTC,1,B,0.0,23,0.0,Femenino,0.0,Pregrado,0.0,5,0.0,Editorial,0.0,""Fiero, cruel"",0.0,""Insulto, ofensa"",0.0,""Discurso, arenga"",0.0,Temido,0.0,Solitario,0.0,Punto más alto de los montes,1.0,Época de año más calurosa,1.0,Enfermedad infecciosa,0.0,Dipsomanía,0.0,5,10,10.0"
"fernandomarciales@javeriana.edu.co,112690609,,,Econometría Av 25-1,10594650,"""",2025-02-20 12:22:29 UTC,1,B,0.0,20,0.0,Masculino,0.0,Pregrado,0.0,7,0.0,Vasija para el aceite,0.0,""Fiero, cruel"",0.0,Disloque,0.0,Componer hueso Roto,0.0,""Memorable, venturoso"",0.0,Que causa risa,1.0,Cavidad grande y profunda en la tierra,0.0,Concomitancia,0.0,Enfermedad infecciosa,0.0,Dispepsia,0.0,4,11,10.0"
"echeverrij-u@javeriana.edu.co,112690612,,,Econometría Av 25-1,10594650,"""",2025-02-20 12:21:54 UTC,1,B,0.0,20,0.0,Masculino,0.0,Pregrado,0.0,1,0.0,Premio otorgado por la Academia Real de la Lengua,0.0,Vocablo extranjero introducido en el idioma,1.0,Engaño,0.0,Componer hueso Roto,0.0,""Memorable, venturoso"",0.0,Prolijo,0.0,Tallo de cardo,0.0,Calígne,0.0,Enfermedad infecciosa,0.0,Dipsomanía,0.0,4,11,10.0"
"s_chamarravi@javeriana.edu.co,112690607,,,Econometría Av 25-1,10594650,"""",2025-02-20 12:21:49 UTC,1,A,0.0,21,0.0,Masculino,0.0,Pregrado,0.0,3,0.0,Editorial,0.0,Vocablo extranjero introducido en el idioma,1.0,""Insulto, ofensa"",0.0,Irreal,0.0,""Memorable, venturoso"",0.0,Que causa risa,1.0,Cavidad grande y profunda en la tierra,0.0,Época de año más calurosa,1.0,Nota que se pone a un texto para explicarlo,1.0,Dipsomanía,0.0,7,8,10.0"
"olga_ramirezc@javeriana.edu.co,112690617,,,Econometría Av 25-1,10594650,"""",2025-02-20 12:20:50 UTC,1,B,0.0,20,0.0,Femenino,0.0,Pregrado,0.0,5,0.0,Editorial,0.0,""Fiero, cruel"",0.0,Engaño,0.0,Irreal,0.0,Temido,0.0,Solitario,0.0,Cavidad grande y profunda en la tierra,0.0,Época de año más calurosa,1.0,""Dificultad, obstáculo"",0.0,Hipomanía,1.0,5,10,10.0"
"jo.rey@javeriana.edu.co,112690615,,,Econometría Av 25-1,10594650,"""",2025-02-20 12:20:40 UTC,1,B,0.0,23,0.0,Masculino,0.0,Pregrado,0.0,13,0.0,Editorial,0.0,Vocablo extranjero introducido en el idioma,1.0,""Insulto, ofensa"",0.0,Rezo curativo,1.0,Felón,0.0,""El más bajo, el último"",0.0,Tallo de cardo,0.0,Calígne,0.0,""Dificultad, obstáculo"",0.0,Dipsomanía,0.0,5,10,10.0"
"mpaula-murcia@javeriana.edu.co,37368146,,,Econometría Av 25-1,10594650,"""",2025-02-20 12:20:36 UTC,1,B,0.0,22,0.0,Femenino,0.0,Maestría,0.0,4,0.0,Editorial,0.0,""Grande, excesivo, extraordinario"",0.0,Engaño,0.0,Rezo curativo,1.0,""Memorable, venturoso"",0.0,Prolijo,0.0,Tallo de cardo,0.0,Calígne,0.0,Nota que se pone a un texto para explicarlo,1.0,Dipsomanía,0.0,5,10,10.0"
"Cristhian Steven Montero Ramirez,115230108,,,Econometría Av 25-1,10594650,"""",2025-02-20 12:19:49 UTC,1,A,0.0,22,0.0,Masculino,0.0,Maestría,0.0,1,0.0,Manantial Copioso,1.0,Vocablo extranjero introducido en el idioma,1.0,""Insulto, ofensa"",0.0,Irreal,0.0,Tierras fértiles,1.0,Que causa risa,1.0,Cavidad grande y profunda en la tierra,0.0,Época de año más calurosa,1.0,Nota que se pone a un texto para explicarlo,1.0,Dipsomanía,0.0,9,6,10.0"
"Sergio Andres Avila Cardenas,115230093,,,Econometría Av 25-1,10594650,"""",2025-02-20 12:19:40 UTC,1,A,0.0,33,0.0,Masculino,0.0,Maestría,0.0,9,0.0,Manantial Copioso,1.0,Vocablo extranjero introducido en el idioma,1.0,""Insulto, ofensa"",0.0,Irreal,0.0,Tierras fértiles,1.0,Que causa risa,1.0,Cavidad grande y profunda en la tierra,0.0,Época de año más calurosa,1.0,Nota que se pone a un texto para explicarlo,1.0,Dipsomanía,0.0,9,6,10.0"
"Angelica Maria Gaviria Jaramillo,115397035,,,Econometría Av 25-1,10594650,"""",2025-02-20 12:19:08 UTC,1,A,0.0,27,0.0,Femenino,0.0,Maestría,0.0,8,0.0,Manantial Copioso,1.0,Vocablo extranjero introducido en el idioma,1.0,""Insulto, ofensa"",0.0,Irreal,0.0,Tierras fértiles,1.0,Que causa risa,1.0,Cavidad grande y profunda en la tierra,0.0,Época de año más calurosa,1.0,Nota que se pone a un texto para explicarlo,1.0,Dipsomanía,0.0,9,6,10.0"
"Jaime Andres Cocunubo Pulido,115230096,,,Econometría Av 25-1,10594650,"""",2025-02-20 12:18:55 UTC,1,B,0.0,26,0.0,Masculino,0.0,Maestría,0.0,4,0.0,Editorial,0.0,""Fiero, cruel"",0.0,Engaño,0.0,""Discurso, arenga"",0.0,""Memorable, venturoso"",0.0,Prolijo,0.0,Tallo de cardo,0.0,Calígne,0.0,Nota que se pone a un texto para explicarlo,1.0,Hipomanía,1.0,5,10,10.0"
"Andres David Alarcon Prieto,115230095,,,Econometría Av 25-1,10594650,"""",2025-02-20 12:18:52 UTC,1,A,0.0,30,0.0,Masculino,0.0,Maestría,0.0,3,0.0,Manantial Copioso,1.0,Vocablo extranjero introducido en el idioma,1.0,""Insulto, ofensa"",0.0,Irreal,0.0,Tierras fértiles,1.0,Que causa risa,1.0,Cavidad grande y profunda en la tierra,0.0,Época de año más calurosa,1.0,Nota que se pone a un texto para explicarlo,1.0,Dipsomanía,0.0,9,6,10.0"
"Da Leon,34986123,,,Econometría Av 25-1,10594650,"""",2025-02-20 12:18:32 UTC,1,A,0.0,23,0.0,Masculino,0.0,Maestría,0.0,0,0.0,Manantial Copioso,1.0,Vocablo extranjero introducido en el idioma,1.0,""Insulto, ofensa"",0.0,Irreal,0.0,Tierras fértiles,1.0,Que causa risa,1.0,Cavidad grande y profunda en la tierra,0.0,Época de año más calurosa,1.0,Nota que se pone a un texto para explicarlo,1.0,Dipsomanía,0.0,10,5,10.0"
"David Santiago Vargas Mahecha,115230098,,,Econometría Av 25-1,10594650,"""",2025-02-20 12:18:07 UTC,1,A,0.0,27,0.0,Masculino,0.0,Maestría,0.0,27,0.0,Manantial Copioso,1.0,Vocablo extranjero introducido en el idioma,1.0,""Insulto, ofensa"",0.0,""Discurso, arenga"",0.0,Tierras fértiles,1.0,Que causa risa,1.0,Cavidad grande y profunda en la tierra,0.0,Época de año más calurosa,1.0,Nota que se pone a un texto para explicarlo,1.0,Dipsomanía,0.0,9,6,10.0"